-156, 312, -16840, 12
104, -15156, 6840, 2
92, -15188, 6916, 2
-8248, 11704, 7648, 5
-412, 14836, -7180, 10
8524, -11748, -8264, 8
8776, 11564, 7868, 4
8748, 11504, 7724, 4
8756, 11528, 7792, 4
8688, 11496, 7788, 4
8592, -11744, -8192, 8
8732, 11516, 7744, 4
-13856, -5004, 6844, 6
-80, 404, -16828, 12
-8708, -11720, -7840, 7
-8152, 11704, 7676, 5
120, -15144, 6836, 2
8472, -11884, -8096, 8
-13880, -4956, 7008, 6
8724, 11560, 7892, 4
-13864, -4964, 6948, 6
-424, 14812, -7024, 10
724, -436, 16604, 1
160, -15204, 6884, 2
8532, -11760, -8148, 8
136, -15124, 6884, 2
8564, -11732, -8172, 8
8776, 11408, 7740, 4
-448, 14832, -6968, 10
14320, -5112, 6880, 3
8572, -11740, -8048, 8
760, -372, 16520, 1
696, -412, 16668, 1
8724, 11524, 7748, 4
13820, 4332, -7844, 9
-8208, 11740, 7676, 5
760, -412, 16544, 1
8740, 11512, 7672, 4
-148, 352, -16816, 12
13920, 4224, -7836, 9
156, -15172, 6840, 2
-416, 14856, -7008, 10
836, -492, 16536, 1
744, -404, 16572, 1
8744, 11560, 7736, 4
756, -432, 16680, 1
-416, 14808, -7000, 10
704, -428, 16632, 1
-8756, -11740, -7784, 7
648, -444, 16636, 1
116, -15156, 6868, 2
708, -396, 16716, 1
-8216, 11712, 7684, 5
-8312, 11712, 7704, 5
8700, 11500, 7776, 4
-13968, -4928, 7044, 6
-14112, 4868, -7096, 11
-13844, -4968, 7048, 6
756, -440, 16660, 1
736, -412, 16652, 1
8584, -11764, -8176, 8
8616, -11680, -8180, 8
-220, 400, -16916, 12
104, -15020, 6824, 2
-8756, -11792, -7828, 7
-13952, -4948, 7036, 6
-368, 14828, -6920, 10
-8264, 11724, 7552, 5
708, -372, 16524, 1
120, -15140, 6936, 2
14316, -5144, 6824, 3
8528, -11776, -8124, 8
52, -15132, 6844, 2
13844, 4332, -7892, 9
-8680, -11756, -7952, 7
-14072, 4868, -7056, 11
14256, -5096, 6736, 3
672, -472, 16596, 1
8588, -11760, -8140, 8
692, -452, 16616, 1
-14092, 4920, -7004, 11
13848, 4252, -7984, 9
-14000, -4968, 6972, 6
-14060, 4908, -6992, 11
-380, 14804, -6984, 10
680, -380, 16644, 1
8716, 11540, 7772, 4
8772, 11444, 7840, 4
8540, -11760, -8236, 8
112, -15136, 6860, 2
724, -368, 16672, 1
-8256, 11760, 7632, 5
8512, -11788, -8200, 8
14300, -5108, 6764, 3
14324, -5108, 6800, 3
14356, -5148, 6700, 3
-412, 14836, -7180, 10
-13932, -5024, 7088, 6
8596, -11744, -8136, 8
-14072, 4872, -6952, 11
-14132, 4844, -6964, 11
-14092, 4820, -6868, 11
132, -15184, 6908, 2
76, -15204, 6848, 2
8544, -11748, -8128, 8
744, -464, 16656, 1
-96, 428, -16884, 12
8752, 11496, 7764, 4
-13936, -5024, 7048, 6
660, -408, 16664, 1
13900, 4284, -7840, 9
14236, -5128, 6832, 3
-13956, -4924, 6980, 6
13920, 4316, -7832, 9
8564, -11848, -8160, 8
13900, 4348, -7852, 9
-180, 372, -16784, 12
8540, -11820, -8244, 8
116, -15200, 6824, 2
-96, 384, -16772, 12
-13896, -4828, 7000, 6
-14040, 4904, -6920, 11
124, -15184, 6944, 2
148, -15204, 6828, 2
152, -15200, 6840, 2
76, -15120, 6824, 2
-412, 14788, -7016, 10
8748, 11552, 7828, 4
8564, -11812, -8216, 8
14352, -5148, 6760, 3
-8796, -11712, -7852, 7
8744, 11532, 7728, 4
100, -15024, 6772, 2
-8252, 11844, 7636, 5
-156, 420, -16776, 12
-392, 14760, -7052, 10
-8756, -11708, -7908, 7
-8224, 11744, 7700, 5
14264, -5192, 6876, 3
-392, 14768, -7020, 10
8752, 11468, 7788, 4
132, -15152, 6752, 2
8580, -11764, -8184, 8
8552, -11824, -8128, 8
128, -15176, 6752, 2
13864, 4248, -7940, 9
116, -15128, 6776, 2
704, -448, 16648, 1
-8260, 11752, 7592, 5
-13900, -4940, 6944, 6
14296, -5212, 6820, 3
96, -15128, 6812, 2
700, -408, 16644, 1
13920, 4340, -7920, 9
8528, -11708, -8144, 8
14212, -5104, 6740, 3
-8784, -11728, -7904, 7
100, -15220, 6860, 2
-392, 14844, -7000, 10
692, -388, 16588, 1
8724, 11540, 7780, 4
-13928, -4956, 6996, 6
13936, 4308, -7992, 9
-8740, -11796, -7944, 7
744, -356, 16632, 1
-8288, 11612, 7656, 5
-13828, -5036, 6984, 6
14312, -5080, 6708, 3
-8768, -11780, -7876, 7
14260, -5104, 6892, 3
14268, -5128, 6872, 3
-368, 14864, -7052, 10
-13920, -5000, 7064, 6
-164, 316, -16784, 12
656, -388, 16736, 1
656, -368, 16692, 1
-14056, 4876, -7028, 11
14324, -5188, 6692, 3
-14060, 4852, -6964, 11
14308, -5084, 6696, 3
8748, 11504, 7716, 4
-8680, -11696, -7900, 7
-108, 384, -16868, 12
-13900, -4984, 7076, 6
-8336, 11604, 7596, 5
-8772, -11760, -7888, 7
-14120, 4884, -7068, 11
8540, -11776, -8240, 8
-8764, -11716, -7812, 7
656, -364, 16608, 1
13848, 4392, -7900, 9
13888, 4348, -8016, 9
-14120, 4776, -7048, 11
-8760, -11736, -7780, 7
14284, -5188, 6776, 3
60, -15112, 6724, 2
696, -432, 16616, 1
-14048, 4844, -7000, 11
700, -388, 16568, 1
8552, -11840, -8200, 8
13880, 4352, -7896, 9
712, -420, 16564, 1
13932, 4328, -7848, 9
13908, 4264, -7916, 9
-8748, -11748, -7860, 7
8528, -11804, -8156, 8
-8216, 11696, 7696, 5
664, -484, 16676, 1
724, -440, 16632, 1
-14140, 4888, -6996, 11
-8740, -11740, -7804, 7
-14104, 4824, -7008, 11
-8720, -11696, -7828, 7
14256, -5204, 6752, 3
8692, 11600, 7740, 4
14368, -5076, 6756, 3
8556, -11800, -8184, 8
708, -352, 16628, 1
-8164, 11720, 7588, 5
728, -456, 16600, 1
8804, 11512, 7732, 4
-88, 396, -16800, 12
8528, -11780, -8156, 8
8508, -11728, -8172, 8
100, -15152, 6804, 2
8544, -11792, -8156, 8
-476, 14860, -6972, 10
-100, 364, -16852, 12
-212, 376, -16856, 12
120, -15204, 6912, 2
14344, -4988, 6864, 3
8536, -11744, -8264, 8
-8208, 11760, 7700, 5
152, -15224, 6808, 2
-13948, -5008, 6976, 6
-14084, 4808, -7028, 11
784, -440, 16624, 1
-164, 300, -16772, 12
-14032, 4792, -6984, 11
-108, 376, -16872, 12
-428, 14832, -7156, 10
708, -432, 16672, 1
8592, -11732, -8120, 8
8712, 11568, 7720, 4
-420, 14844, -7032, 10
-168, 376, -16752, 12
-456, 14788, -7068, 10
14348, -5148, 6872, 3
13876, 4364, -7912, 9
672, -472, 16596, 1
13928, 4312, -7920, 9
740, -464, 16712, 1
13900, 4296, -7952, 9
-452, 14816, -7024, 10
8532, -11760, -8176, 8
8772, 11512, 7816, 4
-116, 436, -16752, 12
-452, 14816, -7004, 10
8680, 11540, 7840, 4
-492, 14868, -6988, 10
-13928, -4908, 7112, 6
14420, -5132, 6740, 3
14308, -5096, 6872, 3
-14112, 4764, -7012, 11
-8240, 11792, 7632, 5
748, -416, 16580, 1
708, -432, 16732, 1
-14040, 4820, -6972, 11
-13836, -4812, 7128, 6
14268, -5180, 6744, 3
13988, 4308, -7980, 9
8564, -11840, -8224, 8
-8768, -11736, -7796, 7
-8792, -11780, -7760, 7
-452, 14856, -7116, 10
-8772, -11708, -7840, 7
-8220, 11760, 7592, 5
156, -15164, 6884, 2
124, -15160, 6932, 2
-14056, 4772, -6920, 11
724, -428, 16584, 1
736, -412, 16652, 1
8552, -11760, -8188, 8
14304, -5148, 6732, 3
8728, 11496, 7744, 4
672, -384, 16656, 1
14376, -5208, 6776, 3
-180, 360, -16912, 12
13900, 4296, -7964, 9
-344, 14900, -7064, 10
-172, 396, -16816, 12
8736, 11500, 7628, 4
8624, 11516, 7704, 4
-13896, -4996, 7060, 6
-8752, -11716, -7868, 7
-192, 300, -16720, 12
96, -15152, 6940, 2
620, -464, 16700, 1
-14108, 4888, -6996, 11
720, -396, 16568, 1
72, -15148, 6760, 2
13892, 4376, -7900, 9
-8740, -11736, -7960, 7
716, -456, 16632, 1
-8248, 11672, 7508, 5
-164, 300, -16836, 12
-8192, 11760, 7592, 5
14336, -5156, 6828, 3
188, -15176, 6852, 2
764, -392, 16636, 1
-164, 368, -16728, 12
-8740, -11740, -7868, 7
-8692, -11784, -7840, 7
-8708, -11680, -7948, 7
-14092, 4840, -7016, 11
8536, -11760, -8216, 8
728, -448, 16576, 1
100, -15140, 6832, 2
-448, 14844, -7076, 10
-8688, -11712, -7960, 7
-404, 14836, -6948, 10
100, -15092, 6784, 2
724, -436, 16604, 1
13780, 4252, -7912, 9
-8276, 11692, 7616, 5
148, -15168, 6984, 2
744, -348, 16656, 1
72, -15076, 6884, 2
-408, 14820, -7084, 10
8544, -11788, -8164, 8
-8212, 11720, 7660, 5
8552, -11792, -8228, 8
-232, 392, -16848, 12
696, -400, 16720, 1
14320, -5140, 6740, 3
-8772, -11704, -7804, 7
13912, 4244, -7876, 9
-80, 428, -16936, 12
-8232, 11776, 7608, 5
672, -412, 16600, 1
668, -412, 16644, 1
-100, 336, -16884, 12
14308, -5176, 6848, 3
-14100, 4888, -7024, 11
-408, 14852, -7080, 10
8740, 11464, 7680, 4
8548, -11756, -8112, 8
8772, 11460, 7824, 4
736, -416, 16712, 1
14288, -5164, 6812, 3
-372, 14808, -7056, 10
-14072, 4840, -6884, 11
-8244, 11720, 7696, 5
14316, -5108, 6744, 3
8516, -11784, -8164, 8
8752, 11552, 7840, 4
8584, -11720, -8252, 8
712, -436, 16620, 1
-8256, 11768, 7532, 5
-8304, 11684, 7620, 5
-8140, 11744, 7552, 5
684, -424, 16652, 1
-420, 14792, -6912, 10
8760, 11556, 7668, 4
13892, 4288, -7824, 9
-14128, 4836, -7000, 11
-8652, -11512, -7708, 7
-14040, 4840, -6996, 11
96, -15136, 6900, 2
13912, 4256, -8028, 9
-72, 348, -16816, 12
92, -15132, 6764, 2
-284, 456, -16900, 12
-224, 412, -16792, 12
-8688, -11764, -7992, 7
8616, -11788, -8200, 8
-168, 412, -16892, 12
-14100, 4816, -6968, 11
-428, 14776, -7024, 10
-13960, 4896, -7048, 11
660, -388, 16660, 1
-13820, -5012, 6952, 6
-380, 14796, -7024, 10
-128, 360, -16848, 12
8752, 11512, 7872, 4
736, -352, 16636, 1
612, -412, 16636, 1
8728, 11544, 7728, 4
720, -404, 16604, 1
-13972, -4896, 6960, 6
-328, 14824, -6932, 10
-13924, -4992, 7056, 6
14268, -5112, 6752, 3
13904, 4344, -8012, 9
-8368, 11608, 7640, 5
13848, 4408, -7788, 9
-14060, 4928, -6840, 11
8544, -11820, -8232, 8
8680, 11508, 7824, 4
664, -484, 16676, 1
-8728, -11748, -7804, 7
-14048, -4984, 6944, 6
92, -15112, 6780, 2
764, -452, 16600, 1
-8176, 11728, 7536, 5
8748, 11508, 7732, 4
-8256, 11760, 7600, 5
-372, 14832, -7032, 10
8748, 11544, 7692, 4
-14040, 4828, -6756, 11
-14088, 4876, -6836, 11
8572, -11740, -8200, 8
64, -15068, 6832, 2
748, -332, 16536, 1
-14056, 4820, -7068, 11
708, -396, 16716, 1
-8276, 11748, 7588, 5
13892, 4336, -7888, 9
-332, 14792, -7068, 10
-8708, -11704, -7832, 7
-14152, 4820, -7000, 11
-13864, -5056, 7040, 6
-8256, 11788, 7712, 5
-14128, 4824, -7044, 11
8600, -11740, -8152, 8
-412, 14888, -7124, 10
-8744, -11712, -7836, 7
8592, -11780, -8224, 8
14256, -5120, 6752, 3
676, -416, 16616, 1
-13972, -5000, 7092, 6
13932, 4316, -7920, 9
720, -404, 16604, 1
-14080, 4852, -6944, 11
8712, 11552, 7704, 4
748, -332, 16536, 1
-340, 14788, -7032, 10
-14088, 4836, -6996, 11
-328, 14764, -7020, 10
708, -476, 16572, 1
720, -408, 16740, 1
-184, 380, -16800, 12
14300, -5124, 6824, 3
-368, 14784, -7008, 10
13896, 4012, -7912, 9
8548, -11756, -8164, 8
-8700, -11776, -7932, 7
-76, 384, -16876, 12
8504, -11724, -8160, 8
-8268, 11744, 7616, 5
68, -15128, 6952, 2
14324, -5104, 6828, 3
14252, -5128, 6728, 3
8556, -11768, -8108, 8
-8776, -11680, -7888, 7
-192, 244, -16880, 12
8552, -11760, -8144, 8
14308, -5144, 6760, 3
-13944, -4996, 7024, 6
14312, -5096, 6812, 3
-14060, 4832, -7000, 11
-8784, -11776, -7836, 7
692, -452, 16616, 1
-136, 376, -16884, 12
8780, 11520, 7768, 4
-412, 14764, -7008, 10
-392, 14772, -6988, 10
-14180, 4876, -7000, 11
-8756, -11720, -7932, 7
184, -15164, 6780, 2
-8064, 11844, 7620, 5
-8192, 11684, 7664, 5
14320, -5072, 6804, 3
-8684, -11728, -7856, 7
-420, 14836, -7016, 10
-120, 424, -16928, 12
712, -380, 16592, 1
-8228, 11784, 7636, 5
-13924, -4952, 6984, 6
-14060, 4840, -6988, 11
-444, 14908, -7000, 10
13936, 4300, -7996, 9
64, -15160, 6864, 2
8688, 11500, 7820, 4
736, -424, 16516, 1
-8292, 11748, 7560, 5
14336, -5100, 6728, 3
14316, -5180, 6796, 3
-8244, 11704, 7576, 5
-8764, -11740, -7840, 7
-14104, 4860, -7012, 11
-8232, 11756, 7580, 5
712, -484, 16600, 1
-8856, -11584, -7968, 7
728, -432, 16616, 1
-13896, -4936, 7060, 6
-376, 14836, -7076, 10
8620, -11784, -8268, 8
14328, -5216, 6740, 3
-152, 360, -16856, 12
112, -15156, 6836, 2
13880, 4268, -7820, 9
13960, 4352, -7804, 9
672, -384, 16656, 1
712, -380, 16592, 1
-440, 14728, -6964, 10
-14104, 4868, -6980, 11
740, -464, 16712, 1
-8352, 11720, 7664, 5
-228, 408, -16892, 12
13872, 4312, -7928, 9
100, -15128, 6860, 2
8568, -11772, -8156, 8
756, -440, 16660, 1
724, -340, 16676, 1
-8736, -11712, -7828, 7
-8224, 11692, 7680, 5
692, -356, 16664, 1
-8716, -11756, -7928, 7
-104, 400, -16920, 12
-104, 412, -16808, 12
-8308, 11716, 7556, 5
-440, 14884, -6888, 10
816, -348, 16584, 1
116, -15092, 6764, 2
8708, 11488, 7768, 4
-13912, -4980, 7012, 6
-456, 14808, -6988, 10
112, -15100, 6864, 2
-13920, -4968, 7040, 6
-14052, 4920, -6984, 11
-14056, 4924, -6956, 11
14344, -5104, 6784, 3
13932, 4388, -7896, 9
796, -420, 16556, 1
-8808, -11752, -7828, 7
664, -388, 16560, 1
-14064, 4904, -6964, 11
-13960, -5036, 6960, 6
676, -396, 16624, 1
-14104, 4820, -6964, 11
-13928, -4972, 7108, 6
668, -444, 16620, 1
8544, -11776, -8288, 8
8700, 11532, 7760, 4
14276, -5080, 6844, 3
-8268, 11756, 7680, 5
744, -416, 16572, 1
14264, -5084, 6748, 3
8636, -11768, -8200, 8
-13808, -4964, 7052, 6
8716, 11576, 7752, 4
8700, 11532, 7796, 4
-436, 14796, -7020, 10
13908, 4280, -8100, 9
-8344, 11772, 7668, 5
-8744, -11700, -7904, 7
-14076, 4852, -7020, 11
8664, 11520, 7684, 4
-8768, -11780, -7820, 7
156, -15088, 6792, 2
14308, -5136, 6780, 3
13916, 4324, -7928, 9
-14080, 4772, -6996, 11
-364, 14832, -7052, 10
8544, -11708, -8136, 8
-392, 14860, -7088, 10
-160, 432, -16840, 12
-92, 352, -16812, 12
8524, -11804, -8132, 8
-216, 352, -16720, 12
668, -412, 16644, 1
8768, 11572, 7704, 4
-168, 452, -16924, 12
128, -15328, 6948, 2
-92, 328, -16848, 12
-384, 14788, -6972, 10
8592, -11768, -8300, 8
168, -15108, 6832, 2
668, -412, 16632, 1
-13864, -4928, 7056, 6
8724, 11548, 7884, 4
724, -368, 16672, 1
-8280, 11756, 7552, 5
-8180, 11796, 7604, 5
-8752, -11760, -7884, 7
-13920, -4944, 7008, 6
708, -432, 16732, 1
160, -15152, 6740, 2
8764, 11524, 7700, 4
8548, -11724, -8316, 8
-8220, 11704, 7592, 5
-84, 384, -16776, 12
14284, -5156, 6792, 3
-13844, -4888, 7120, 6
704, -432, 16612, 1
-132, 436, -16816, 12
-8588, -11508, -7716, 7
-14092, 4840, -6920, 11
8680, 11508, 7748, 4
-13948, -4988, 7044, 6
8544, -11812, -8172, 8
-8260, 11736, 7560, 5
-408, 14796, -7028, 10
-400, 14908, -7052, 10
-8796, -11724, -7924, 7
-8212, 11700, 7588, 5
14252, -5172, 6888, 3
200, -15108, 6820, 2
700, -408, 16644, 1
-13880, -5012, 6880, 6
728, -360, 16636, 1
-8236, 11648, 7608, 5
-8776, -11740, -7780, 7
736, -436, 16668, 1
712, -404, 16620, 1
8724, 11572, 7712, 4
8640, 11508, 7736, 4
-14040, 4796, -6988, 11
-8216, 11752, 7640, 5
-14076, 4776, -6860, 11
-8192, 11668, 7716, 5
-13840, -4876, 7056, 6
13900, 4260, -7912, 9
14300, -5152, 6828, 3
-8728, -11660, -8020, 7
728, -428, 16652, 1
-112, 484, -16796, 12
-180, 396, -16776, 12
-196, 348, -16792, 12
-396, 14864, -7028, 10
14352, -5104, 6784, 3
-13940, -4932, 6952, 6
-8728, -11720, -7840, 7
672, -412, 16600, 1
8492, -11732, -8172, 8
712, -436, 16572, 1
-8768, -11788, -7808, 7
-14096, 4892, -6976, 11
676, -452, 16660, 1
680, -416, 16664, 1
-13964, -4956, 7064, 6
-8264, 11712, 7656, 5
-8344, 11728, 7620, 5
648, -444, 16636, 1
-8780, -11688, -7848, 7
8712, 11540, 7796, 4
8712, 11476, 7776, 4
-13932, -4924, 6928, 6
8596, -11720, -8216, 8
-8276, 11724, 7596, 5
-124, 400, -16804, 12
-8288, 11732, 7544, 5
680, -420, 16644, 1
-144, 416, -16820, 12
704, -416, 16560, 1
14272, -5196, 6800, 3
-8696, -11796, -7864, 7
13932, 4308, -7852, 9
14276, -5168, 6812, 3
696, -400, 16720, 1
-192, 320, -16876, 12
-8704, -11716, -7880, 7
68, -15116, 6788, 2
-120, 400, -16892, 12
-8708, -11704, -7828, 7
8548, -11816, -8252, 8
14312, -5128, 6836, 3
-14020, 4780, -6964, 11
704, -432, 16612, 1
8532, -11764, -8196, 8
13848, 4280, -7936, 9
8608, -11684, -8228, 8
14296, -5120, 6672, 3
8536, -11816, -8136, 8
-13864, -4852, 7024, 6
704, -416, 16560, 1
-14052, 4820, -6996, 11
13928, 4312, -7932, 9
-8268, 11696, 7548, 5
14268, -5056, 6816, 3
-464, 14868, -6976, 10
160, -15180, 6852, 2
-13872, -5020, 7044, 6
652, -452, 16616, 1
8688, 11516, 7796, 4
8776, 11496, 7832, 4
-172, 348, -16840, 12
-152, 316, -16784, 12
-328, 14784, -7000, 10
-396, 14856, -6968, 10
668, -444, 16620, 1
-184, 364, -16732, 12
-14084, 4868, -7008, 11
-8724, -11784, -7788, 7
760, -412, 16544, 1
712, -376, 16696, 1
764, -396, 16628, 1
-13908, -4964, 7144, 6
8532, -11752, -8212, 8
-14068, 4892, -6924, 11
696, -400, 16616, 1
8572, -11728, -8196, 8
-8740, -11756, -7796, 7
8496, -11740, -8124, 8
728, -372, 16552, 1
-14072, 4868, -6984, 11
-8240, 11808, 7572, 5
704, -384, 16560, 1
-8276, 11748, 7604, 5
8776, 11548, 7792, 4
-8768, -11740, -7808, 7
-448, 14804, -6968, 10
-436, 14796, -7080, 10
-8192, 11720, 7644, 5
-13888, -4988, 6968, 6
14308, -5164, 6724, 3
-8724, -11804, -7884, 7
704, -384, 16572, 1
-416, 14792, -7040, 10
13868, 4220, -7924, 9
-13896, -4944, 7024, 6
-14136, 4808, -6900, 11
-8736, -11800, -7916, 7
-8280, 11700, 7768, 5
8524, -11768, -8116, 8
13896, 4340, -7904, 9
-8740, -11720, -7804, 7
-400, 14868, -6964, 10
136, -15160, 6792, 2
-14036, 4792, -6956, 11
8764, 11528, 7756, 4
184, -15100, 6908, 2
13856, 4296, -7948, 9
-8676, -11740, -7816, 7
13948, 4268, -8068, 9
13924, 4332, -7956, 9
-8192, 11860, 7688, 5
-13944, -4916, 6968, 6
14272, -5112, 6732, 3
-116, 352, -16860, 12
13916, 4352, -7904, 9
8700, 11488, 7824, 4
14344, -5148, 6780, 3
768, -528, 16588, 1
14372, -5116, 6772, 3
-13968, -5016, 6924, 6
732, -456, 16680, 1
-124, 400, -16804, 12
-14104, 4864, -6984, 11
-8676, -11672, -7836, 7
-128, 328, -16836, 12
-400, 14780, -7012, 10
-14104, 4816, -6980, 11
100, -15092, 6840, 2
-96, 384, -16772, 12
8712, 11512, 7716, 4
48, -15080, 6940, 2
-156, 420, -16796, 12
14336, -5112, 6760, 3
-420, 14840, -7052, 10
8768, 11460, 7848, 4
-80, 376, -16748, 12
-116, 412, -16876, 12
8648, 11488, 7764, 4
-120, 436, -16788, 12
13872, 4212, -7924, 9
744, -336, 16648, 1
-8216, 11680, 7664, 5
-8736, -11712, -7908, 7
-8780, -11744, -7860, 7
700, -392, 16680, 1
-136, 464, -16836, 12
-408, 14840, -7132, 10
-13940, -5052, 7076, 6
-14072, 4848, -7032, 11
-64, 332, -16852, 12
14280, -5172, 6824, 3
720, -396, 16568, 1
-196, 416, -16816, 12
768, -360, 16692, 1
760, -456, 16672, 1
-124, 428, -16788, 12
-8644, -11796, -7904, 7
-192, 384, -16828, 12
-368, 14764, -7072, 10
-8748, -11820, -7776, 7
14264, -5152, 6836, 3
144, -15072, 6860, 2
140, -15168, 6812, 2
688, -412, 16580, 1
8584, -11780, -8152, 8
-8732, -11800, -7796, 7
204, -15116, 6772, 2
668, -424, 16580, 1
-14032, 4848, -6992, 11
732, -372, 16556, 1
-360, 14844, -7096, 10
-136, 332, -16868, 12
14272, -5148, 6780, 3
-14056, 4796, -6976, 11
14260, -5136, 6860, 3
8616, -11820, -8212, 8
156, -15152, 6828, 2
-8780, -11796, -7796, 7
684, -384, 16660, 1
-14056, 4872, -7156, 11
180, -15108, 6844, 2
-13940, -4928, 7008, 6
-14044, 4856, -7040, 11
-8772, -11720, -7840, 7
-8768, -11752, -7740, 7
13836, 4384, -7940, 9
128, -15152, 6924, 2
-372, 14860, -7080, 10
-13984, -5008, 6988, 6
8716, 11564, 7728, 4
-14104, 4836, -7004, 11
80, -15084, 6856, 2
-332, 14848, -7040, 10
8752, 11500, 7808, 4
-8696, -11768, -7800, 7
14300, -5192, 6820, 3
-428, 14832, -7080, 10
8532, -11736, -8204, 8
40, -15140, 6848, 2
152, -15128, 6808, 2
708, -372, 16524, 1
14244, -5112, 6848, 3
-128, 404, -16844, 12
13948, 4316, -7852, 9
14300, -5220, 6800, 3
14244, -5228, 6756, 3
112, -15072, 6752, 2
-404, 14836, -6948, 10
684, -408, 16620, 1
8792, 11492, 7708, 4
-8180, 11732, 7608, 5
-8288, 11616, 7556, 5
-13916, -4980, 7020, 6
660, -420, 16636, 1
684, -412, 16604, 1
-8140, 11704, 7684, 5
728, -404, 16680, 1
764, -420, 16668, 1
-196, 340, -16800, 12
644, -336, 16652, 1
688, -464, 16644, 1
-152, 408, -16824, 12
636, -432, 16640, 1
740, -444, 16592, 1
8816, 11604, 7792, 4
13848, 4268, -7996, 9
-8252, 11756, 7704, 5
8732, 11512, 7796, 4
14272, -5132, 6720, 3
128, -15120, 6912, 2
-8272, 11808, 7576, 5
-14116, 4812, -6824, 11
14324, -5156, 6768, 3
-13900, -4928, 7008, 6
14296, -4696, 6804, 3
13904, 4316, -7988, 9
-140, 396, -16788, 12
-14020, 4780, -6964, 11
-8760, -11756, -7852, 7
14324, -5092, 6804, 3
-8240, 11700, 7600, 5
660, -408, 16664, 1
13960, 4272, -8028, 9
-8768, -11716, -7860, 7
-8176, 11716, 7640, 5
-432, 14816, -6668, 10
-8272, 11588, 7620, 5
-8780, -11804, -7796, 7
-96, 340, -16848, 12
140, -15112, 6776, 2
-360, 14724, -7028, 10
14228, -5128, 6812, 3
696, -408, 16632, 1
-420, 14832, -7072, 10
-13936, -5004, 7032, 6
-404, 14908, -7024, 10
-14056, 4848, -6980, 11
132, -15084, 6884, 2
-8276, 11704, 7664, 5
8756, 11516, 7700, 4
8612, -11776, -8120, 8
-416, 14748, -7016, 10
8604, -11708, -8208, 8
676, -380, 16648, 1
-13868, -4868, 7004, 6
13928, 4268, -7968, 9
-8748, -11776, -7804, 7
-180, 368, -16804, 12
116, -15196, 6808, 2
-8752, -11812, -7908, 7
704, -444, 16580, 1
8716, 11480, 7756, 4
-14072, 4832, -7096, 11
28, -15160, 6920, 2
8756, 11536, 7884, 4
-440, 14784, -6944, 10
88, -15092, 6816, 2
132, -15188, 6848, 2
-8696, -11772, -7836, 7
-14100, 4840, -7060, 11
-14096, 4884, -7024, 11
8740, 11544, 7784, 4
-14104, 4860, -7012, 11
14300, -5116, 6852, 3
8788, 11588, 7836, 4
-13940, -5024, 7056, 6
-13864, -4908, 7072, 6
14292, -5156, 6856, 3
-14116, 4872, -6976, 11
-14108, 4888, -7000, 11
-132, 400, -16876, 12
-112, 328, -16840, 12
13900, 4284, -7840, 9
14320, -5152, 6736, 3
112, -15124, 6920, 2
8492, -11800, -8216, 8
100, -15132, 6824, 2
132, -15096, 6876, 2
692, -420, 16616, 1
772, -448, 16652, 1
-8224, 11744, 7644, 5
676, -412, 16552, 1
-168, 432, -16808, 12
14328, -5140, 6768, 3
14340, -5168, 6764, 3
14320, -5124, 6828, 3
160, -15112, 6916, 2
-384, 14836, -7016, 10
8728, 11544, 7676, 4
8688, 11460, 7752, 4
-13928, -4948, 6936, 6
8724, 11592, 7816, 4
-184, 440, -16808, 12
-400, 14776, -7028, 10
8836, 11512, 7680, 4
-14052, 4820, -6996, 11
176, -15136, 6744, 2
-8228, 11732, 7620, 5
8692, 11528, 7772, 4
660, -420, 16636, 1
8564, -11780, -8164, 8
720, -396, 16592, 1
664, -420, 16580, 1
-8732, -11764, -7744, 7
8724, 11560, 7732, 4
-14044, 4792, -6924, 11
13896, 4212, -7900, 9
-336, 14880, -7004, 10
8724, 11592, 7748, 4
8508, -11800, -8164, 8
112, -15204, 6804, 2
-13936, -4940, 7072, 6
-14068, 4804, -7108, 11
-432, 14844, -7040, 10
-8848, -11732, -7900, 7
676, -396, 16624, 1
-8896, -11848, -7944, 7
13944, 4384, -7884, 9
-14036, 4808, -7020, 11
728, -396, 16648, 1
120, -15196, 6952, 2
14248, -5140, 6844, 3
8740, 11492, 7844, 4
14248, -5140, 6800, 3
-14096, 4864, -6996, 11
772, -448, 16652, 1
13864, 4320, -7920, 9
-8748, -11740, -7828, 7
760, -372, 16520, 1
8540, -11720, -8136, 8
-8760, -11756, -7860, 7
-116, 360, -16920, 12
-8540, -11712, -7660, 7
14336, -5104, 6708, 3
8528, -11776, -8164, 8
13880, 4328, -7868, 9
-8788, -11732, -7884, 7
104, -15152, 6784, 2
-124, 396, -16824, 12
-13888, -4996, 7028, 6
124, -15124, 6844, 2
8524, -11780, -8216, 8
-14100, 4836, -7004, 11
-8760, -11756, -7944, 7
-8260, 11708, 7700, 5
8704, 11536, 7748, 4
8552, -11824, -8252, 8
76, -15088, 6796, 2
684, -444, 16668, 1
13880, 4240, -7936, 9
14244, -4924, 6788, 3
13896, 4292, -7984, 9
700, -372, 16552, 1
-14148, 4812, -6932, 11
14324, -5160, 6848, 3
-408, 14880, -7012, 10
8756, 11512, 7792, 4
692, -408, 16680, 1
-212, 328, -16848, 12
-14076, 4756, -7028, 11
8672, 11488, 7776, 4
8760, 11464, 7768, 4
-144, 408, -16860, 12
-14116, 4876, -6948, 11
-14100, 4844, -7020, 11
8684, 11500, 7656, 4
-13992, 4836, -6880, 11
8616, -11724, -8124, 8
-8232, 11768, 7616, 5
14308, -5204, 6788, 3
-8188, 11700, 7656, 5
13824, 4308, -7904, 9
164, -15056, 6880, 2
8480, -11768, -8148, 8
776, -412, 16616, 1
-8732, -11792, -7888, 7
8596, -11764, -8152, 8
-72, 348, -16816, 12
8784, 11508, 7780, 4
14012, 4368, -7952, 9
-8276, 11744, 7588, 5
-13984, -4988, 7048, 6
-13908, -4944, 6964, 6
-8240, 11768, 7676, 5
692, -432, 16604, 1
-8704, -11728, -7776, 7
-8744, -11716, -7776, 7
-14076, 4864, -6972, 11
8564, -11760, -8168, 8
732, -372, 16556, 1
-13904, -5020, 7040, 6
736, -424, 16516, 1
8744, 11560, 7780, 4
8560, -11788, -8148, 8
680, -416, 16664, 1
-400, 14908, -7060, 10
688, -464, 16644, 1
8548, -11800, -8140, 8
144, -15160, 6824, 2
-13864, -4828, 7156, 6
-116, 440, -16800, 12
8728, 11504, 7752, 4
-8220, 11696, 7508, 5
-8772, -11868, -7768, 7
-116, 388, -16904, 12
-8164, 11732, 7484, 5
-444, 14748, -7140, 10
92, -15208, 6864, 2
-8688, -11716, -7880, 7
-14100, 4888, -6916, 11
-8220, 11748, 7672, 5
-132, 408, -16800, 12
14272, -5128, 6872, 3
13920, 4300, -7884, 9
684, -456, 16700, 1
-8712, -11724, -7860, 7
14288, -5164, 6768, 3
56, -15196, 6868, 2
13880, 4284, -7972, 9
-404, 14800, -6980, 10
8700, 11520, 7792, 4
8652, 11548, 7776, 4
712, -404, 16620, 1
8536, -11752, -8264, 8
700, -372, 16552, 1
728, -376, 16636, 1
8492, -11784, -8088, 8
696, -412, 16668, 1
14332, -5152, 6752, 3
13912, 4344, -7960, 9
160, -15192, 6844, 2
-188, 340, -16880, 12
-8708, -11828, -7924, 7
8736, 11600, 7788, 4
-14076, 4860, -6992, 11
-132, 340, -16856, 12
636, -472, 16728, 1
-8172, 11664, 7592, 5
-8256, 11696, 7660, 5
13928, 4284, -7876, 9
-14052, 4804, -7056, 11
8776, 11556, 7712, 4
-14104, 4824, -7008, 11
8748, 11492, 7824, 4
728, -432, 16616, 1
-8220, 11676, 7636, 5
-13912, -4900, 7068, 6
-14100, 4824, -7024, 11
-424, 14816, -7068, 10
8580, -11696, -8212, 8
13900, 4208, -7880, 9
-8260, 11732, 7596, 5
-8268, 11812, 7688, 5
-8796, -11748, -7824, 7
13888, 4284, -7928, 9
-13916, -4932, 6964, 6
14300, -5188, 6732, 3
-8212, 11736, 7464, 5
740, -460, 16668, 1
-14072, 4836, -7024, 11
-8232, 11740, 7608, 5
-13904, -5004, 7012, 6
-160, 360, -16784, 12
-168, 336, -16884, 12
8744, 11528, 7676, 4
716, -456, 16632, 1
76, -15152, 6844, 2
8772, 11540, 7868, 4
664, -420, 16580, 1
716, -476, 16644, 1
14272, -5072, 6796, 3
-8728, -11708, -7900, 7
-376, 14816, -7028, 10
-13912, -5012, 6948, 6
-196, 472, -16876, 12
100, -15116, 6888, 2
-14076, 4756, -7028, 11
13848, 4280, -7964, 9
14276, -5160, 6824, 3
124, -15116, 6888, 2
-144, 448, -16812, 12
14376, -5128, 6768, 3
8616, -11768, -8152, 8
-188, 316, -16776, 12
-8724, -11736, -7892, 7
76, -15076, 6772, 2
-13856, -4936, 7036, 6
8776, 11520, 7776, 4
104, -15128, 6796, 2
-8764, -11748, -7824, 7
13948, 4348, -7888, 9
-144, 348, -16800, 12
-14060, 4840, -6968, 11
8556, -11808, -8208, 8
-8184, 11712, 7600, 5
-136, 408, -16780, 12
-180, 484, -16724, 12
756, -384, 16596, 1
216, -15060, 6880, 2
8808, 11532, 7748, 4
92, -15180, 6780, 2
-14104, 4856, -7028, 11
13916, 4316, -7924, 9
692, -436, 16656, 1
13996, 4396, -7936, 9
13876, 4248, -7900, 9
136, -15144, 6868, 2
-8712, -11668, -7844, 7
60, -15112, 6856, 2
13896, 4332, -7956, 9
8628, -11768, -8156, 8
-408, 14800, -7004, 10
-372, 14852, -7004, 10
-432, 14844, -7040, 10
-96, 388, -16800, 12
-404, 14836, -6948, 10
-13852, -5016, 7036, 6
14340, -5124, 6776, 3
-8776, -11744, -7816, 7
-14148, 4884, -7000, 11
-8172, 11672, 7608, 5
8748, 11552, 7828, 4
14280, -5148, 6736, 3
72, -15200, 6928, 2
732, -360, 16620, 1
8744, 11532, 7744, 4
14268, -5276, 6908, 3
-14036, 4736, -6984, 11
-14048, 4804, -6992, 11
-8932, -11884, -8156, 7
-8264, 11716, 7636, 5
684, -396, 16552, 1
684, -408, 16620, 1
-8632, -11804, -7924, 7
756, -432, 16680, 1
-8164, 11704, 7656, 5
-8320, 11732, 7736, 5
-8700, -11772, -7764, 7
8720, 11532, 7876, 4
-8280, 11668, 7592, 5
-14016, 4836, -7012, 11
-92, 432, -16788, 12
14256, -5192, 6768, 3
764, -388, 16780, 1
13828, 4264, -7944, 9
8664, 11476, 7704, 4
14260, -5176, 6780, 3
8732, 11560, 7728, 4
13976, 4288, -7988, 9
-13928, -4968, 7080, 6
8540, -11816, -8192, 8
652, -432, 16616, 1
14284, -5168, 6696, 3
-444, 14840, -6996, 10
-13864, -4908, 7032, 6
-8228, 11832, 7560, 5
-14076, 4788, -7072, 11
-120, 420, -16828, 12
684, -396, 16552, 1
14356, -5156, 6748, 3
-8808, -11760, -7844, 7
-14056, 4848, -6980, 11
688, -412, 16580, 1
14320, -5112, 6868, 3
668, -412, 16632, 1
720, -400, 16664, 1
13864, 4352, -7900, 9
8580, -11748, -8092, 8
-13880, -4956, 7028, 6
676, -412, 16552, 1
8564, -11824, -8180, 8
716, -476, 16644, 1
14248, -5076, 6812, 3
-13892, -4908, 6932, 6
-200, 400, -16848, 12
8740, 11632, 7792, 4
8748, 11612, 7832, 4
8732, 11536, 7724, 4
96, -15092, 6900, 2
-13912, -4988, 7128, 6
756, -380, 16588, 1
744, -464, 16656, 1
13900, 4252, -7888, 9
-388, 14800, -6996, 10
14300, -5196, 6896, 3
-8668, -11760, -7832, 7
14304, -5120, 6784, 3
-396, 14860, -7024, 10
-8736, -11756, -7856, 7
-432, 14784, -7084, 10
14276, -5144, 6800, 3
-328, 14824, -6932, 10
14348, -5152, 6844, 3
-8256, 11712, 7668, 5
712, -436, 16620, 1
92, -15136, 6836, 2
744, -336, 16648, 1
-13920, -4916, 7076, 6
8552, -11752, -8308, 8
8672, -11720, -8120, 8
-464, 14744, -7008, 10
104, -15136, 6880, 2
-88, 416, -16808, 12
-13860, -4952, 7028, 6
13880, 4364, -7984, 9
720, -396, 16640, 1
88, -15124, 6816, 2
-144, 396, -16736, 12
692, -368, 16632, 1
-8748, -11748, -7848, 7
-8676, -11700, -7924, 7
-8260, 11732, 7624, 5
8524, -11760, -8228, 8
-13884, -4920, 7084, 6
-13904, -5064, 6924, 6
-13996, -4960, 6992, 6
14188, -5204, 6824, 3
684, -412, 16604, 1
700, -380, 16616, 1
-188, 312, -16780, 12
-116, 392, -16772, 12
8804, 11488, 7748, 4
-408, 14796, -7028, 10
-14052, 4860, -6840, 11
140, -15108, 6868, 2
13880, 4316, -7908, 9
644, -468, 16596, 1
-14096, 4884, -6864, 11
-13844, -5004, 7044, 6
8504, -11768, -8164, 8
14380, -5156, 6784, 3
748, -328, 16668, 1
14160, 4376, -7808, 9
-8176, 11660, 7620, 5
-13896, -4992, 6984, 6
-376, 14812, -7068, 10
-13940, -4976, 7100, 6
-400, 14808, -7004, 10
-368, 14820, -7052, 10
116, -15136, 6880, 2
712, -376, 16696, 1
14320, -5196, 6780, 3
-13868, -4972, 6988, 6
-100, 360, -16812, 12
-8292, 11776, 7532, 5
8544, -11756, -8092, 8
-8708, -11780, -7796, 7
14272, -5140, 6804, 3
692, -432, 16604, 1
8720, 11568, 7724, 4
-340, 14796, -7084, 10
-13916, -4980, 7040, 6
668, -452, 16648, 1
652, -432, 16616, 1
-124, 400, -16804, 12
8584, -11724, -8168, 8
672, -340, 16588, 1
-352, 14852, -7092, 10
684, -384, 16660, 1
732, -456, 16680, 1
740, -424, 16624, 1
8628, -11720, -8180, 8
-80, 340, -16724, 12
14276, -5116, 6784, 3
8532, -11824, -8200, 8
-13948, -4992, 7048, 6
-8228, 11704, 7644, 5
8724, 11508, 7736, 4
-13956, -4940, 7036, 6
8728, 11460, 7776, 4
740, -444, 16592, 1
14300, -5152, 6852, 3
124, -15160, 6860, 2
14312, -5144, 6856, 3
-14128, 4800, -7024, 11
124, -15220, 6864, 2
676, -452, 16660, 1
13944, 4256, -7940, 9
-8288, 11696, 7740, 5
-284, 456, -16900, 12
696, -408, 16632, 1
-328, 14784, -7000, 10
-384, 14836, -7076, 10
-8748, -11748, -7848, 7
-8712, -11752, -7856, 7
144, -15132, 6772, 2
-136, 388, -16792, 12
14284, -5136, 6788, 3
8828, 11528, 7696, 4
-13916, -4932, 7068, 6
96, -15088, 6932, 2
13852, 4236, -7972, 9
-108, 404, -16816, 12
13880, 4300, -7912, 9
116, -15156, 6888, 2
8772, 11568, 7692, 4
-116, 388, -16852, 12
8564, -11772, -8240, 8
8720, 11552, 7824, 4
8592, -11748, -8192, 8
13956, 4308, -7924, 9
-14084, 4920, -6936, 11
132, -15084, 6808, 2
-14080, 4844, -7008, 11
764, -452, 16600, 1
-8748, -11748, -7804, 7
708, -472, 16568, 1
100, -15176, 6804, 2
-13932, -4972, 6952, 6
312, -15964, 6820, 2
-8704, -11732, -7812, 7
-204, 428, -16908, 12
8556, -11716, -8108, 8
-13900, -4968, 7060, 6
14372, -5292, 6808, 3
-444, 14840, -7036, 10
8536, -11756, -8228, 8
-164, 392, -16764, 12
720, -452, 16592, 1
-14088, 4860, -6980, 11
13892, 4336, -7904, 9
-13864, -5032, 7092, 6
13864, 4320, -8020, 9
14376, -5156, 6780, 3
13904, 4300, -8044, 9
-92, 368, -16824, 12
8728, 11536, 7684, 4
732, -396, 16612, 1
-8228, 11756, 7740, 5
684, -456, 16700, 1
-13984, -5020, 7092, 6
-14096, 4860, -6920, 11
14388, -5148, 6784, 3
688, -372, 16620, 1
68, -15164, 6836, 2
176, -15148, 6836, 2
-13904, -5012, 7032, 6
13900, 4320, -7992, 9
8792, 11580, 7788, 4
14300, -5184, 6820, 3
108, -15196, 6828, 2
-14060, 4832, -7132, 11
-13840, -5016, 7008, 6
-352, 14812, -7080, 10
700, -388, 16568, 1
14260, -5188, 6848, 3
-104, 400, -16920, 12
8500, -11748, -8276, 8
-8772, -11716, -7744, 7
748, -388, 16608, 1
748, -328, 16668, 1
140, -15084, 6840, 2
-8072, 11792, 7636, 5
836, -492, 16536, 1
-396, 14840, -7008, 10
728, -376, 16636, 1
8716, 11508, 7784, 4
-8208, 11748, 7692, 5
108, -15176, 6908, 2
-188, 420, -16840, 12
8764, 11552, 7788, 4
-8744, -11780, -7880, 7
8604, -11788, -8184, 8
8684, 11552, 7752, 4
8772, 11508, 7816, 4
132, -15132, 6764, 2
8792, 11504, 7788, 4
14348, -5128, 6776, 3
-8676, -11740, -7928, 7
-14008, -4888, 6976, 6
14344, -5124, 6752, 3
14228, -5144, 6704, 3
-336, 14828, -7020, 10
-14064, 4820, -6956, 11
-72, 356, -16832, 12
8556, -11720, -8200, 8
-8252, 11768, 7604, 5
-192, 368, -16980, 12
684, -424, 16652, 1
13892, 4268, -7912, 9
-192, 360, -16768, 12
-13844, -5020, 6980, 6
-8780, -11748, -7988, 7
-8756, -11736, -7820, 7
-14120, 4872, -6960, 11
14256, -5180, 6836, 3
-13916, -5036, 7092, 6
-8240, 11768, 7520, 5
8712, 11508, 7748, 4
-13912, -4952, 7016, 6
13952, 4344, -7904, 9
-8588, 9680, 8040, 5
13952, 4344, -7904, 9
784, -368, 16488, 1
-8292, 11712, 7640, 5
8496, -11772, -8088, 8
14312, -5208, 6736, 3
104, -15076, 6828, 2
13956, 4312, -7892, 9
13908, 4308, -7976, 9
68, -15144, 6932, 2
13892, 4300, -7956, 9
720, -412, 16712, 1
-8248, 11740, 7572, 5
-14100, 4764, -7028, 11
116, -15104, 6844, 2
-14064, 4824, -6988, 11
-396, 14816, -7040, 10
8588, -11756, -8132, 8
692, -368, 16632, 1
8760, 11500, 7832, 4
-52, 428, -16800, 12
704, -444, 16580, 1
-8792, -11772, -7976, 7
712, -412, 16568, 1
8748, 11536, 7760, 4
-14056, 4832, -6964, 11
-14156, 4844, -7052, 11
-432, 14844, -7040, 10
8568, -11800, -8156, 8
716, -416, 16604, 1
152, -15172, 6720, 2
-13964, -4976, 6920, 6
-8708, -11780, -7864, 7
14344, -5112, 6800, 3
-13856, -4956, 7056, 6
636, -472, 16728, 1
-13932, -4956, 7012, 6
-14116, 4836, -7040, 11
8516, -11768, -8188, 8
-13848, -4928, 6992, 6
680, -420, 16644, 1
13936, 4292, -7972, 9
116, -15152, 6872, 2
8568, -11780, -8176, 8
8556, -11732, -8192, 8
736, -352, 16636, 1
-14120, 4768, -6940, 11
8672, 11548, 7732, 4
-132, 312, -16808, 12
-14068, 4872, -6916, 11
728, -396, 16648, 1
8688, 11536, 7780, 4
700, -380, 16616, 1
-116, 396, -16776, 12
8704, 11564, 7768, 4
-14188, 4908, -6976, 11
-13900, -5016, 7024, 6
-13956, -5000, 7004, 6
696, -432, 16616, 1
14460, -5256, 6832, 3
-344, 14872, -6996, 10
-13984, -4900, 7032, 6
728, -364, 16596, 1
-8744, -11684, -7800, 7
68, -15116, 6820, 2
-424, 14788, -7056, 10
8604, -11828, -8108, 8
-13992, -4960, 6968, 6
728, -448, 16548, 1
720, -396, 16592, 1
13912, 4292, -7872, 9
-396, 14808, -7040, 10
-14084, 4848, -6904, 11
-192, 368, -16980, 12
-13956, -4964, 7032, 6
-13944, -5008, 6984, 6
14248, -5196, 6760, 3
-8696, -11812, -7948, 7
-328, 14824, -6932, 10
8736, 11460, 7772, 4
-8228, 11696, 7660, 5
13028, 4068, -8308, 9
8560, -11764, -8276, 8
-452, 14808, -7056, 10
-8244, 11712, 7592, 5
764, -420, 16668, 1
-13884, -4940, 7040, 6
728, -404, 16680, 1
-13932, -4924, 7036, 6
748, -388, 16608, 1
704, -428, 16632, 1
744, -416, 16572, 1
-8744, -11696, -7796, 7
-14080, 4840, -6984, 11
-8320, 11796, 7708, 5
13932, 4312, -8004, 9
-14004, 4856, -6996, 11
-388, 14808, -7004, 10
-424, 14804, -7032, 10
-148, 412, -16640, 12
-13900, -5016, 7064, 6
764, -388, 16780, 1
8556, -11820, -8140, 8
-13920, -4956, 6932, 6
-8704, -11672, -7940, 7
-14028, 4880, -6948, 11
-8168, 11780, 7616, 5
-14148, 4808, -6900, 11
-124, 360, -16724, 12
-8712, -11768, -7820, 7
692, -356, 16664, 1
-8304, 11724, 7724, 5
-8724, -11736, -7840, 7
14272, -5072, 6876, 3
14344, -5164, 6812, 3
-384, 14848, -7044, 10
-124, 340, -16836, 12
-14136, 4836, -7024, 11
8788, 11536, 7780, 4
-8236, 11748, 7572, 5
-332, 14832, -7032, 10
-80, 376, -16748, 12
13964, 4392, -7956, 9
14384, -5128, 6752, 3
8732, 11532, 7680, 4
728, -364, 16596, 1
-132, 384, -16788, 12
680, -448, 16592, 1
-8244, 11688, 7640, 5
13924, 4244, -7948, 9
-13956, -4932, 7104, 6
-372, 14852, -7004, 10
-13284, -5384, 5404, 6
-8224, 11724, 7580, 5
-120, 476, -16864, 12
132, -15140, 6752, 2
-13824, 4700, -6896, 11
8484, -11740, -8232, 8
13932, 4344, -7964, 9
-13972, -4968, 7020, 6
-13924, -4944, 6964, 6
-328, 14824, -7128, 10
-8728, -11828, -7832, 7
-14064, 4824, -6944, 11
13984, 4252, -7936, 9
720, -400, 16664, 1
8556, -11808, -8120, 8
-13916, -4952, 6920, 6
-14076, 4860, -6992, 11
8648, 11536, 7792, 4
13880, 4360, -7904, 9
-8268, 11676, 7568, 5
-8728, -11748, -7844, 7
8800, 11596, 7728, 4
8560, -11756, -8136, 8
612, -412, 16636, 1
64, -15160, 6876, 2
-13932, -4980, 7036, 6
13880, 4400, -7836, 9
728, -412, 16632, 1
8700, 11500, 7812, 4
-14084, 4816, -6916, 11
8696, 11548, 7736, 4
-13912, -4988, 6968, 6
-8772, -11792, -7860, 7
-14040, 4760, -7056, 11
8508, -11832, -8180, 8
-8712, -11780, -7860, 7
-128, 360, -16876, 12
-13824, -5116, 7044, 6
8760, 11552, 7704, 4
13820, 4332, -7920, 9
8580, -11676, -8188, 8
-156, 368, -16920, 12
76, -15152, 6852, 2
-13836, -5000, 7064, 6
104, -15176, 6924, 2
-8344, 11712, 7584, 5
-13844, -4972, 7104, 6
-14060, 4856, -6920, 11
96, -15068, 6776, 2
8572, -11808, -8188, 8
13892, 4376, -7872, 9
-13888, -5100, 6960, 6
692, -420, 16616, 1
-464, 14796, -7044, 10
13968, 4304, -7996, 9
108, -15168, 6816, 2
672, -340, 16588, 1
720, -452, 16592, 1
-14124, 4840, -6988, 11
8716, 11460, 7844, 4
776, -412, 16616, 1
8524, -11764, -8192, 8
8808, 11460, 7772, 4
-8748, -11740, -7864, 7
-8268, 11724, 7656, 5
13984, 4260, -7932, 9
-13856, -4852, 6904, 6
176, -15092, 6904, 2
-8188, 11720, 7500, 5
13844, 4396, -7976, 9
712, -436, 16572, 1
13940, 4312, -7876, 9
13872, 4212, -7924, 9
-424, 14788, -7056, 10
-192, 336, -16800, 12
-14076, 4844, -7060, 11
156, -15148, 6776, 2
-8720, -11792, -7916, 7
132, -15140, 6864, 2
-144, 388, -16824, 12
13868, 4284, -7956, 9
-8236, 11984, 7688, 5
724, -340, 16676, 1
-404, 14844, -7048, 10
-13920, -4992, 6972, 6
13936, 4296, -7920, 9
68, -15044, 6784, 2
708, -476, 16572, 1
-13832, -4928, 7052, 6
14048, -5060, 6524, 3
-8216, 11712, 7616, 5
13808, 4308, -7912, 9
8736, 11556, 7704, 4
13816, 4328, -7952, 9
656, -388, 16736, 1
692, -408, 16680, 1
-400, 14840, -7032, 10
704, -448, 16648, 1
8520, -11744, -8292, 8
8572, -11752, -8216, 8
720, -412, 16712, 1
-472, 14804, -6972, 10
8756, 11504, 7760, 4
-328, 14808, -7060, 10
-14048, 4760, -6912, 11
740, -432, 16628, 1
668, -424, 16580, 1
720, -432, 16660, 1
-160, 356, -16832, 12
13892, 4260, -7912, 9
-8764, -11684, -7808, 7
14388, -5120, 6808, 3
-52, 456, -16768, 12
14308, -5120, 6836, 3
-8208, 11700, 7536, 5
13884, 4340, -7868, 9
8544, -11800, -8160, 8
-8256, 11768, 7620, 5
-176, 316, -16780, 12
-548, 14752, -6968, 10
13940, 4328, -7904, 9
8748, 11464, 7816, 4
-13924, -5008, 6972, 6
14296, -5072, 6744, 3
768, -528, 16588, 1
140, -15200, 6776, 2
132, -15136, 6784, 2
-8232, 11708, 7624, 5
-8212, 11712, 7708, 5
760, -456, 16672, 1
-8724, -11808, -7848, 7
-8276, 11760, 7712, 5
-8748, -11704, -7800, 7
796, -420, 16556, 1
-8692, -11728, -7888, 7
-8240, 11736, 7552, 5
-13892, -4996, 7024, 6
-8672, -11724, -7900, 7
14332, -5112, 6800, 3
8748, 11560, 7696, 4
764, -392, 16636, 1
13908, 4372, -7948, 9
14296, -5160, 6868, 3
744, -356, 16632, 1
-132, 304, -16764, 12
704, -384, 16572, 1
8548, -11768, -8160, 8
60, -15152, 6908, 2
-8668, -11780, -7788, 7
-8708, -11744, -7836, 7
-136, 384, -16816, 12
8568, -11792, -8144, 8
8608, -11796, -8196, 8
720, -396, 16640, 1
-8724, -11756, -7880, 7
700, -384, 16700, 1
13936, 4248, -7912, 9
8512, -11688, -8224, 8
13940, 4328, -7928, 9
-14100, 4852, -6940, 11
-8700, -11744, -7780, 7
8568, -11764, -8072, 8
8544, -11772, -8152, 8
-8260, 11712, 7580, 5
676, -380, 16648, 1
13956, 4288, -7888, 9
-184, 392, -16828, 12
14340, -5172, 6740, 3
-440, 14788, -7000, 10
-14056, 4820, -7068, 11
-8772, -11796, -7828, 7
-14076, 4776, -6860, 11
13964, 4224, -8020, 9
-14128, 4840, -6900, 11
13904, 4236, -7980, 9
176, -15100, 6792, 2
724, -440, 16632, 1
728, -412, 16632, 1
13896, 4368, -8048, 9
8548, -11740, -8176, 8
764, -396, 16628, 1
-8140, 11724, 7652, 5
-108, 400, -16856, 12
8748, 11480, 7740, 4
784, -440, 16624, 1
-8228, 11700, 7636, 5
-8664, -11756, -7852, 7
-404, 14800, -6980, 10
92, -15144, 6864, 2
-8264, 11696, 7548, 5
8764, 11532, 7828, 4
8732, 11608, 7684, 4
-392, 14752, -7048, 10
8732, 11576, 7780, 4
-14064, 4860, -6920, 11
13932, 4308, -7936, 9
14296, -5184, 6820, 3
-96, 384, -16772, 12
-13936, -4800, 7072, 6
120, -15108, 6816, 2
696, -364, 16664, 1
740, -460, 16668, 1
-352, 14828, -7060, 10
13876, 4312, -7896, 9
56, -15092, 6860, 2
104, -15100, 6776, 2
8668, 11540, 7808, 4
8732, 11556, 7724, 4
14324, -5184, 6740, 3
-14100, 4824, -7024, 11
-14148, 4864, -6956, 11
636, -432, 16640, 1
8608, -11780, -8184, 8
-8700, -11776, -7880, 7
-364, 14772, -7048, 10
14264, -4980, 6792, 3
744, -404, 16572, 1
692, -388, 16588, 1
816, -348, 16584, 1
660, -388, 16660, 1
-8316, 11728, 7540, 5
696, -400, 16616, 1
740, -432, 16628, 1
-13880, -5000, 7016, 6
-8328, 11780, 7600, 5
-376, 14812, -7068, 10
140, -15128, 6832, 2
8516, -11784, -8248, 8
14272, -5172, 6736, 3
13904, 4328, -7944, 9
14228, -5184, 6740, 3
-72, 392, -16768, 12
13856, 4384, -7940, 9
736, -436, 16668, 1
676, -392, 16656, 1
96, -15112, 6888, 2
688, -372, 16620, 1
14836, -5520, 6964, 3
-14052, 4844, -6912, 11
32, -15100, 6812, 2
14272, -5128, 6920, 3
13864, 4336, -8060, 9
8676, 11540, 7832, 4
708, -360, 16688, 1
-176, 412, -16792, 12
-136, 408, -16920, 12
8568, -11748, -8264, 8
8492, -11816, -8192, 8
-412, 14828, -7012, 10
-8272, 11692, 7672, 5
700, -392, 16680, 1
-408, 14816, -7060, 10
-420, 14828, -7032, 10
-13924, -4984, 7060, 6
112, -15120, 6916, 2
124, -15132, 6924, 2
108, -15104, 6860, 2
13844, 4352, -7844, 9
716, -416, 16604, 1
-14080, 4860, -7000, 11
13900, 4268, -7920, 9
8576, -11748, -8224, 8
116, -15172, 6828, 2
14316, -5152, 6900, 3
13932, 4296, -7960, 9
-13908, -4936, 7004, 6
-384, 14844, -7032, 10
-8752, -11796, -7872, 7
8508, -11832, -8140, 8
708, -352, 16628, 1
-8240, 11732, 7632, 5
8760, 11408, 7860, 4
80, -15168, 6856, 2
-14116, 4784, -6976, 11
700, -384, 16700, 1
124, -15128, 6852, 2
13648, 4076, -7648, 9
-8688, -11756, -7788, 7
736, -416, 16712, 1
-14088, 4856, -6952, 11
-156, 356, -16884, 12
-8236, 11760, 7608, 5
14396, -5268, 6764, 3
8576, -11744, -8180, 8
708, -360, 16688, 1
8584, -11800, -8124, 8
-14116, 4888, -7008, 11
-14096, 4916, -7012, 11
14248, -5164, 6764, 3
656, -364, 16608, 1
-14364, 4976, -6964, 11
16, -14988, 6864, 2
-184, 400, -16748, 12
-8304, 11728, 7640, 5
14028, 4136, -8180, 9
-396, 14880, -7068, 10
108, -15096, 6792, 2
684, -444, 16668, 1
-8228, 11792, 7608, 5
-108, 344, -16812, 12
14300, -5140, 6800, 3
8636, -11800, -8200, 8
-396, 14880, -7068, 10
-8252, 11764, 7668, 5
-8748, -11816, -7908, 7
-13944, -4908, 7072, 6
8740, 11564, 7768, 4
14188, -5248, 6812, 3
732, -360, 16620, 1
-8192, 11772, 7656, 5
-352, 14828, -7060, 10
13928, 4332, -7904, 9
8788, 11528, 7740, 4
13820, 4332, -7844, 9
8488, -11792, -8132, 8
728, -360, 16636, 1
13944, 4328, -7840, 9
-8392, 11576, 7520, 5
-380, 14900, -7076, 10
-14084, 4828, -6956, 11
-13916, -5060, 6848, 6
8564, -11764, -8204, 8
-360, 14848, -7124, 10
-8272, 11728, 7640, 5
-8192, 11696, 7624, 5
-13932, -4992, 7020, 6
100, -15152, 6804, 2
-8724, -11796, -7824, 7
14256, -5120, 6808, 3
-14052, 4920, -6984, 11
-356, 14788, -7108, 10
-13912, -4952, 7116, 6
-13896, -4960, 6968, 6
-13928, -4920, 6980, 6
728, -372, 16552, 1
8492, -11736, -8124, 8
-8360, 11720, 7524, 5
716, -376, 16660, 1
13856, 4284, -7900, 9
8584, -11780, -8204, 8
14332, -5148, 6792, 3
-8768, -11828, -7852, 7
-13820, -4972, 7084, 6
14020, 4352, -7896, 9
8548, -11744, -8220, 8
8728, 11492, 7760, 4
14248, -5152, 6784, 3
-8748, -11672, -7816, 7
716, -376, 16660, 1
-14132, 4860, -6964, 11
644, -336, 16652, 1
652, -452, 16616, 1
-8784, -11856, -7856, 7
728, -448, 16548, 1
-8224, 11764, 7656, 5
13912, 4236, -7920, 9
-220, 320, -16700, 12
8560, -11772, -8212, 8
-14056, 4832, -6964, 11
756, -380, 16588, 1
8756, 11560, 7648, 4
756, -384, 16596, 1
-14100, 4888, -6916, 11
8772, 11548, 7712, 4
13920, 4380, -7964, 9
-8260, 11708, 7584, 5
-404, 14788, -6996, 10
680, -380, 16644, 1
104, -15024, 6728, 2
768, -360, 16692, 1
8512, -11696, -8256, 8
-8204, 11660, 7624, 5
696, -448, 16708, 1
696, -448, 16708, 1
-13944, -5004, 6992, 6
-13836, -4908, 7024, 6
13956, 4364, -7892, 9
8532, -11740, -8092, 8
724, -428, 16584, 1
8632, -11736, -8228, 8
8544, -11748, -8224, 8
-13980, -4868, 6952, 6
-180, 360, -16868, 12
-8316, 11780, 7600, 5
13980, 4260, -7920, 9
160, -15144, 6792, 2
-14128, 4880, -6992, 11
-200, 368, -16772, 12
-8196, 11740, 7576, 5
14312, -5208, 6852, 3
13876, 4328, -7960, 9
14328, -5048, 6724, 3
200, -15068, 6792, 2
784, -368, 16488, 1
14276, -5152, 6808, 3
8536, -11740, -8172, 8
13896, 4252, -7916, 9
-13900, -4924, 6972, 6
-8776, -11724, -7796, 7
-14120, 4892, -7076, 11
8736, 11488, 7700, 4
-384, 14784, -7096, 10
-14068, -4940, 6940, 6
692, -436, 16656, 1
-13824, -4932, 7084, 6
136, -15092, 6772, 2
13928, 4296, -8004, 9
-8692, -11808, -7836, 7
-8216, 11704, 7596, 5
-416, 14812, -7044, 10
156, -15204, 6868, 2
8732, 11592, 7824, 4
8588, -11780, -8260, 8
-8756, -11724, -7860, 7
168, -15224, 6724, 2
-13964, -5048, 7028, 6
8516, -11796, -8188, 8
-13948, -4972, 7080, 6
-13872, -4956, 6852, 6
-120, 412, -16956, 12
-13940, -4940, 7124, 6
14292, -5068, 6816, 3
-356, 14828, -6996, 10
-152, 408, -16784, 12
-8672, -11780, -7836, 7
-8188, 11740, 7636, 5
-8216, 11768, 7580, 5
164, -15128, 6892, 2
13936, 4304, -7936, 9
-8272, 11700, 7688, 5
14340, -5096, 6868, 3
13896, 4324, -8000, 9
-13900, -4924, 7120, 6
-13852, -4928, 7048, 6
-364, 14736, -7184, 10
-376, 14816, -7028, 10
-14092, 4772, -6920, 11
656, -368, 16692, 1
-8736, -11728, -7864, 7
728, -428, 16652, 1
14256, -5120, 6900, 3
676, -392, 16656, 1
-14124, 4828, -7004, 11
14340, -5136, 6876, 3
-404, 14800, -7024, 10
8716, 11548, 7760, 4
-8252, 11712, 7616, 5
-112, 308, -16748, 12
664, -388, 16560, 1
8560, -11764, -8188, 8
-376, 14828, -7156, 10
-8272, 11696, 7616, 5
-448, 14872, -7032, 10
720, -432, 16660, 1
740, -424, 16624, 1
-100, 408, -16852, 12
-14080, 4760, -6992, 11
8680, 11540, 7744, 4
-80, 428, -16936, 12
-8660, -11784, -7924, 7
-14040, 4856, -6932, 11
14296, -5168, 6748, 3
-8780, -11680, -7960, 7
-124, 428, -16788, 12
-8760, -11696, -7804, 7
-13964, -4992, 6984, 6
696, -364, 16664, 1
13896, 4264, -7820, 9
-8264, 11712, 7560, 5
8720, 11544, 7744, 4
-8748, -11720, -7820, 7
-436, 14784, -6988, 10
-8260, 11736, 7672, 5
8604, -11780, -8096, 8
-444, 14856, -7000, 10
-13952, -5036, 6992, 6
-13840, -4988, 7052, 6
8572, -11724, -8076, 8
14332, -5196, 6748, 3
-13968, -4912, 7044, 6
-164, 472, -16820, 12
-14068, 4764, -7068, 11
-472, 14816, -7052, 10
744, -348, 16656, 1
644, -468, 16596, 1
-8672, -11736, -7768, 7
96, -15084, 6876, 2
712, -484, 16600, 1
-348, 14780, -7008, 10
-416, 14844, -7124, 10
13772, 4176, -7900, 9
8712, 11556, 7764, 4
-8772, -11716, -7876, 7
-13920, -4940, 7012, 6
-220, 468, -16804, 12
704, -384, 16560, 1
-14072, 4868, -7056, 11
680, -448, 16592, 1
728, -448, 16576, 1
-404, 14796, -7056, 10
8624, -11756, -8112, 8
14276, -5128, 6824, 3
13904, 4272, -7884, 9
-8744, -11768, -7884, 7
-380, 14716, -7080, 10
8596, -11720, -8216, 8
-420, 14752, -7044, 10
14312, -5124, 6820, 3
-352, 14872, -6988, 10
708, -432, 16672, 1
8548, -11684, -8272, 8
-13932, -4944, 7040, 6
-8136, 11720, 7572, 5
13988, 4216, -7924, 9
14312, -5152, 6888, 3
-8716, -11776, -7892, 7
8752, 11544, 7720, 4
-8240, 11784, 7636, 5
-8756, -11724, -7920, 7
8516, -11836, -8152, 8
-8740, -11736, -7976, 7
-8736, -11708, -7916, 7
-412, 14884, -7048, 10
-14132, 4912, -6956, 11
-14100, 4924, -6980, 11
-172, 348, -16840, 12
13936, 4292, -7976, 9
13908, 4228, -8008, 9
8508, -11760, -8088, 8
14248, -5200, 6812, 3
-436, 14912, -7028, 10
712, -392, 16656, 1
668, -452, 16648, 1
14296, -5108, 6772, 3
632, -332, 16656, 1
14244, -5116, 6864, 3
13880, 4296, -7908, 9
-13940, -4976, 7004, 6
-8244, 11712, 7644, 5
14276, -5156, 6748, 3
-13972, 4776, -6956, 11
8520, -11820, -8132, 8
-13884, -4928, 7036, 6
-8728, -11768, -7856, 7
660, -344, 16704, 1
8680, 11564, 7808, 4
-13836, -5004, 7064, 6
676, -416, 16616, 1
-8380, 12216, 7540, 5
-72, 348, -16816, 12
-396, 14804, -7044, 10
-404, 14792, -7024, 10
716, -412, 16680, 1
-14100, 4824, -7016, 11
716, -412, 16680, 1
60, -15136, 6816, 2
-8260, 11724, 7660, 5
-14068, 4856, -6932, 11
-124, 428, -16788, 12
-220, 468, -16804, 12
8516, -11728, -8156, 8
-13908, -4916, 7024, 6
13896, 4332, -7848, 9
-132, 448, -16784, 12
13832, 4324, -7912, 9
732, -396, 16612, 1
8716, 11560, 7688, 4
8696, 11564, 7792, 4
-8180, 11700, 7600, 5
-64, 344, -16760, 12
-13888, -4984, 7028, 6
14332, -5088, 6780, 3
13820, 4332, -7920, 9
-14032, 4808, -7076, 11
13900, 4244, -8064, 9
660, -344, 16704, 1
88, -15156, 6860, 2
60, -15108, 6800, 2
13888, 4312, -7888, 9
14272, -5208, 6848, 3
-8236, 11752, 7624, 5
632, -332, 16656, 1
8788, 11520, 7780, 4
8560, -11712, -8180, 8
-104, 416, -16848, 12
13884, 4304, -7872, 9
-13856, -4960, 7020, 6
708, -472, 16568, 1
-8308, 11756, 7660, 5
-424, 14812, -7060, 10
-404, 14836, -6948, 10
-8680, -11748, -7864, 7
-13864, -4980, 7052, 6
13912, 4236, -7920, 9
140, -15116, 6860, 2
8728, 11620, 7768, 4
-444, 14844, -7092, 10
172, -15128, 6792, 2
-14088, 4904, -6900, 11
-13860, -5000, 6940, 6
-372, 14864, -7088, 10
-8736, -11808, -7872, 7
-164, 388, -16856, 12
13840, 4284, -7856, 9
13884, 4196, -7840, 9
13932, 4324, -7884, 9
720, -408, 16740, 1
8552, -11732, -8292, 8
8468, -11732, -8168, 8
-13936, -4900, 6960, 6
8728, 11580, 7800, 4
712, -420, 16564, 1
8716, 11504, 7880, 4
13876, 4320, -7828, 9
-456, 14864, -7080, 10
8748, 11484, 7856, 4
712, -392, 16656, 1
-13964, -4936, 7020, 6
-116, 396, -16868, 12
-8208, 11684, 7560, 5
-176, 332, -16716, 12
712, -412, 16568, 1
-13960, -4976, 6916, 6
8728, 11568, 7700, 4
8700, 11564, 7764, 4
8720, 11548, 7792, 4
748, -416, 16580, 1
13896, 4364, -7816, 9
-8216, 11732, 7628, 5
8744, 11460, 7808, 4
-8728, -11760, -7844, 7
14308, -5136, 6736, 3
-428, 14800, -7016, 10
-8256, 11644, 7612, 5
8616, -11764, -8152, 8
-14168, 4840, -7152, 11
728, -456, 16600, 1
8816, 11592, 7788, 4
-8704, -11716, -7824, 7
620, -464, 16700, 1
